Id,Rule Name,Product,Severity,Status,Confidence,Category,Is Pro Rule,Semgrep Autotriage Result,Semgrep Autotriage Reason,Ai Impact,Ai Exploit Conditions,Semgrep File Risk Tag,Repository Name,Repository Url,Line Of Code Url,Semgrep Platform Link,Created At,Last Opened At,Branch,Triaged At,Triage Comment,Triage Reason,Rule Description
845819202,java.servlets.security.audit.url-rewriting.url-rewriting,Code,Critical,Open,Medium,security,False,,,,,,Laurin-G/cosec-ai,https://github.com/Laurin-G/cosec-ai,https://github.com/Laurin-G/cosec-ai/blob/a0e8f5b3ac334dc8990c49d685a9e07b90c11e4f/L0_prompt/tapestry-5-5.4.3/tapestry-core/src/main/java/org/apache/tapestry5/internal/services/ResponseImpl.java#L62,https://semgrep.dev/orgs/lauringehlenborg_personal_org/findings/845819202,2026-06-15 18:05:55.429951,2026-06-15 18:05:55.261464,refs/heads/main,,,,"URL rewriting has significant security risks. Since session ID appears in the URL, it may be easily seen by third parties."
845819201,java.servlets.security.audit.url-rewriting.url-rewriting,Code,Critical,Open,Medium,security,False,,,,,,Laurin-G/cosec-ai,https://github.com/Laurin-G/cosec-ai,https://github.com/Laurin-G/cosec-ai/blob/a0e8f5b3ac334dc8990c49d685a9e07b90c11e4f/L0_prompt/tapestry-5-5.4.3/tapestry-core/src/main/java/org/apache/tapestry5/internal/services/ResponseImpl.java#L67,https://semgrep.dev/orgs/lauringehlenborg_personal_org/findings/845819201,2026-06-15 18:05:55.429933,2026-06-15 18:05:55.261458,refs/heads/main,,,,"URL rewriting has significant security risks. Since session ID appears in the URL, it may be easily seen by third parties."
845819143,java.lang.security.audit.xxe.documentbuilderfactory-disallow-doctype-decl-missing.documentbuilderfactory-disallow-doctype-decl-missing,Code,High,Open,High,security,False,,,,,,Laurin-G/cosec-ai,https://github.com/Laurin-G/cosec-ai,https://github.com/Laurin-G/cosec-ai/blob/a0e8f5b3ac334dc8990c49d685a9e07b90c11e4f/L0_prompt/tapestry-5-5.4.3/tapestry-core/src/main/java/org/apache/tapestry5/internal/services/MavenComponentLibraryInfoSource.java#L103,https://semgrep.dev/orgs/lauringehlenborg_personal_org/findings/845819143,2026-06-15 18:05:55.428881,2026-06-15 18:05:55.261147,refs/heads/main,,,,"DOCTYPE declarations are enabled for this DocumentBuilderFactory. This is vulnerable to XML external entity attacks. Disable this by setting the feature ""http://apache.org/xml/features/disallow-doctype-decl"" to true. Alternatively, allow DOCTYPE declarations and only prohibit external entities declarations. This can be done by setting the features ""http://xml.org/sax/features/external-general-entities"" and ""http://xml.org/sax/features/external-parameter-entities"" to false."
845819141,java.lang.security.xxe.xmlreader-xxe-parameter-entities.xmlreader-xxe-parameter-entities,Code,High,Open,Medium,security,False,,,,,,Laurin-G/cosec-ai,https://github.com/Laurin-G/cosec-ai,https://github.com/Laurin-G/cosec-ai/blob/a0e8f5b3ac334dc8990c49d685a9e07b90c11e4f/L0_prompt/tapestry-5-5.4.3/plastic/src/external/java/org/apache/tapestry5/internal/plastic/asm/xml/Processor.java#L253,https://semgrep.dev/orgs/lauringehlenborg_personal_org/findings/845819141,2026-06-15 18:05:55.428845,2026-06-15 18:05:55.261136,refs/heads/main,,,,"The application is using an XML parser that has not been safely configured. This might lead to XML External Entity (XXE) vulnerabilities when parsing user-controlled input. An attacker can include document type definitions (DTDs) which can interact with internal or external hosts. XXE can lead to other vulnerabilities, such as Local File Inclusion (LFI), Remote Code Execution (RCE), and Server- side request forgery (SSRF), depending on the application configuration. An attacker can also use DTDs to expand recursively, leading to a Denial-of-Service (DoS) attack, also known as a Billion Laughs Attack. It is our recommendation to secure this parser against XXE attacks through parameter entities by configuring $FACTORY with `reader.setFeature(http://apache.org/xml/features/disallow- doctype-decl, true)`. Alternatively, the following configurations also provide protection against XXE attacks. `reader.setProperty(XMLConstants.ACCESS_EXTERNAL_DTD, """")` `reader.setFeature(""http:// xml.org/sax/features/external-parameter-entities"", false)`. For more information, see: [Java XXE prevention](https://semgrep.dev/docs/cheat-sheets/java-xxe/)"
845819140,java.lang.security.xxe.xmlreader-xxe.xmlreader-xxe,Code,High,Open,Medium,security,False,,,,,,Laurin-G/cosec-ai,https://github.com/Laurin-G/cosec-ai,https://github.com/Laurin-G/cosec-ai/blob/a0e8f5b3ac334dc8990c49d685a9e07b90c11e4f/L0_prompt/tapestry-5-5.4.3/plastic/src/external/java/org/apache/tapestry5/internal/plastic/asm/xml/Processor.java#L253,https://semgrep.dev/orgs/lauringehlenborg_personal_org/findings/845819140,2026-06-15 18:05:55.428827,2026-06-15 18:05:55.261131,refs/heads/main,,,,"The application is using an XML parser that has not been safely configured. This might lead to XML External Entity (XXE) vulnerabilities when parsing user-controlled input. An attacker can include document type definitions (DTDs) which can interact with internal or external hosts. XXE can lead to other vulnerabilities, such as Local File Inclusion (LFI), Remote Code Execution (RCE), and Server-side request forgery (SSRF), depending on the application configuration. An attacker can also use DTDs to expand recursively, leading to a Denial-of-Service (DoS) attack, also known as a Billion Laughs Attack. It is our recommendation to secure this parser against XXE attacks by configuring $FACTORY with `reader.setFeature(http://apache.org/xml/features/disallow-doctype-decl, true)`. Alternatively, the following configurations also provide protection against XXE attacks. `reader.setProperty(XMLConstants.ACCESS_EXTERNAL_DTD, """")` `reader.setFeature(""http://xml.org/ sax/features/external-general-entities"", false)`. For more information, see: [Java XXE prevention] (https://semgrep.dev/docs/cheat-sheets/java-xxe/)"
845819014,java.lang.security.audit.cookie-missing-httponly.cookie-missing-httponly,Code,Medium,Open,Low,security,False,,,,,,Laurin-G/cosec-ai,https://github.com/Laurin-G/cosec-ai,https://github.com/Laurin-G/cosec-ai/blob/a0e8f5b3ac334dc8990c49d685a9e07b90c11e4f/L0_prompt/tapestry-5-5.4.3/tapestry-core/src/main/java/org/apache/tapestry5/internal/services/CookiesImpl.java#L136,https://semgrep.dev/orgs/lauringehlenborg_personal_org/findings/845819014,2026-06-15 18:05:55.426589,2026-06-15 18:05:55.260393,refs/heads/main,,,,A cookie was detected without setting the 'HttpOnly' flag. The 'HttpOnly' flag for cookies instructs the browser to forbid client-side scripts from reading the cookie. Set the 'HttpOnly' flag by calling 'cookie.setHttpOnly(true);'
845819013,java.lang.security.audit.cookie-missing-httponly.cookie-missing-httponly,Code,Medium,Open,Low,security,False,,,,,,Laurin-G/cosec-ai,https://github.com/Laurin-G/cosec-ai,https://github.com/Laurin-G/cosec-ai/blob/a0e8f5b3ac334dc8990c49d685a9e07b90c11e4f/L0_prompt/tapestry-5-5.4.3/tapestry-core/src/main/java/org/apache/tapestry5/modules/InternalModule.java#L95,https://semgrep.dev/orgs/lauringehlenborg_personal_org/findings/845819013,2026-06-15 18:05:55.426572,2026-06-15 18:05:55.260387,refs/heads/main,,,,A cookie was detected without setting the 'HttpOnly' flag. The 'HttpOnly' flag for cookies instructs the browser to forbid client-side scripts from reading the cookie. Set the 'HttpOnly' flag by calling 'cookie.setHttpOnly(true);'
845819012,java.lang.security.audit.cookie-missing-secure-flag.cookie-missing-secure-flag,Code,Medium,Open,Low,security,False,,,,,,Laurin-G/cosec-ai,https://github.com/Laurin-G/cosec-ai,https://github.com/Laurin-G/cosec-ai/blob/a0e8f5b3ac334dc8990c49d685a9e07b90c11e4f/L0_prompt/tapestry-5-5.4.3/tapestry-core/src/main/java/org/apache/tapestry5/modules/InternalModule.java#L95,https://semgrep.dev/orgs/lauringehlenborg_personal_org/findings/845819012,2026-06-15 18:05:55.426554,2026-06-15 18:05:55.260382,refs/heads/main,,,,A cookie was detected without setting the 'secure' flag. The 'secure' flag for cookies prevents the client from transmitting the cookie over insecure channels such as HTTP. Set the 'secure' flag by calling 'cookie.setSecure(true);'
845819011,java.lang.security.audit.object-deserialization.object-deserialization,Code,Medium,Open,Low,security,False,,,,,,Laurin-G/cosec-ai,https://github.com/Laurin-G/cosec-ai,https://github.com/Laurin-G/cosec-ai/blob/a0e8f5b3ac334dc8990c49d685a9e07b90c11e4f/L0_prompt/tapestry-5-5.4.3/tapestry-core/src/main/java/org/apache/tapestry5/internal/services/ClientDataEncoderImpl.java#L113,https://semgrep.dev/orgs/lauringehlenborg_personal_org/findings/845819011,2026-06-15 18:05:55.426537,2026-06-15 18:05:55.260377,refs/heads/main,,,,"Found object deserialization using ObjectInputStream. Deserializing entire Java objects is dangerous because malicious actors can create Java object streams with unintended consequences. Ensure that the objects being deserialized are not user-controlled. If this must be done, consider using HMACs to sign the data stream to make sure it is not tampered with, or consider only transmitting object fields and populating a new object."
845819007,javascript.browser.security.eval-detected.eval-detected,Code,Medium,Open,Low,security,False,,,,,,Laurin-G/cosec-ai,https://github.com/Laurin-G/cosec-ai,https://github.com/Laurin-G/cosec-ai/blob/a0e8f5b3ac334dc8990c49d685a9e07b90c11e4f/L0_prompt/tapestry-5-5.4.3/tapestry-core/src/main/resources/META-INF/assets/tapestry5/require.js#L2078,https://semgrep.dev/orgs/lauringehlenborg_personal_org/findings/845819007,2026-06-15 18:05:55.426465,2026-06-15 18:05:55.260355,refs/heads/main,,,,"Detected the use of eval(). eval() can be dangerous if used to evaluate dynamic content. If this content can be input from outside the program, this may be a code injection vulnerability. Ensure evaluated content is not definable by external sources."
845819006,javascript.browser.security.eval-detected.eval-detected,Code,Medium,Open,Low,security,False,,,,,,Laurin-G/cosec-ai,https://github.com/Laurin-G/cosec-ai,https://github.com/Laurin-G/cosec-ai/blob/a0e8f5b3ac334dc8990c49d685a9e07b90c11e4f/L0_prompt/tapestry-5-5.4.3/tapestry-core/src/main/resources/META-INF/assets/tapestry5/scriptaculous_1_9_0/controls.js#L786,https://semgrep.dev/orgs/lauringehlenborg_personal_org/findings/845819006,2026-06-15 18:05:55.426448,2026-06-15 18:05:55.260350,refs/heads/main,,,,"Detected the use of eval(). eval() can be dangerous if used to evaluate dynamic content. If this content can be input from outside the program, this may be a code injection vulnerability. Ensure evaluated content is not definable by external sources."
845819005,javascript.browser.security.eval-detected.eval-detected,Code,Medium,Open,Low,security,False,,,,,,Laurin-G/cosec-ai,https://github.com/Laurin-G/cosec-ai,https://github.com/Laurin-G/cosec-ai/blob/a0e8f5b3ac334dc8990c49d685a9e07b90c11e4f/L0_prompt/tapestry-5-5.4.3/tapestry-core/src/main/resources/META-INF/assets/tapestry5/scriptaculous_1_9_0/prototype.js#L612,https://semgrep.dev/orgs/lauringehlenborg_personal_org/findings/845819005,2026-06-15 18:05:55.426430,2026-06-15 18:05:55.260345,refs/heads/main,,,,"Detected the use of eval(). eval() can be dangerous if used to evaluate dynamic content. If this content can be input from outside the program, this may be a code injection vulnerability. Ensure evaluated content is not definable by external sources."
845819004,javascript.browser.security.eval-detected.eval-detected,Code,Medium,Open,Low,security,False,,,,,,Laurin-G/cosec-ai,https://github.com/Laurin-G/cosec-ai,https://github.com/Laurin-G/cosec-ai/blob/a0e8f5b3ac334dc8990c49d685a9e07b90c11e4f/L0_prompt/tapestry-5-5.4.3/tapestry-core/src/main/resources/META-INF/assets/tapestry5/scriptaculous_1_9_0/prototype.js#L713,https://semgrep.dev/orgs/lauringehlenborg_personal_org/findings/845819004,2026-06-15 18:05:55.426413,2026-06-15 18:05:55.260340,refs/heads/main,,,,"Detected the use of eval(). eval() can be dangerous if used to evaluate dynamic content. If this content can be input from outside the program, this may be a code injection vulnerability. Ensure evaluated content is not definable by external sources."
845819003,javascript.browser.security.eval-detected.eval-detected,Code,Medium,Open,Low,security,False,,,,,,Laurin-G/cosec-ai,https://github.com/Laurin-G/cosec-ai,https://github.com/Laurin-G/cosec-ai/blob/a0e8f5b3ac334dc8990c49d685a9e07b90c11e4f/L0_prompt/tapestry-5-5.4.3/tapestry-core/src/main/resources/META-INF/assets/tapestry5/scriptaculous_1_9_0/prototype.js#L1643,https://semgrep.dev/orgs/lauringehlenborg_personal_org/findings/845819003,2026-06-15 18:05:55.426395,2026-06-15 18:05:55.260334,refs/heads/main,,,,"Detected the use of eval(). eval() can be dangerous if used to evaluate dynamic content. If this content can be input from outside the program, this may be a code injection vulnerability. Ensure evaluated content is not definable by external sources."
845819002,javascript.browser.security.eval-detected.eval-detected,Code,Medium,Open,Low,security,False,,,,,,Laurin-G/cosec-ai,https://github.com/Laurin-G/cosec-ai,https://github.com/Laurin-G/cosec-ai/blob/a0e8f5b3ac334dc8990c49d685a9e07b90c11e4f/L0_prompt/tapestry-5-5.4.3/tapestry-core/src/main/resources/META-INF/assets/tapestry5/scriptaculous_1_9_0/unittest.js#L476,https://semgrep.dev/orgs/lauringehlenborg_personal_org/findings/845819002,2026-06-15 18:05:55.426377,2026-06-15 18:05:55.260328,refs/heads/main,,,,"Detected the use of eval(). eval() can be dangerous if used to evaluate dynamic content. If this content can be input from outside the program, this may be a code injection vulnerability. Ensure evaluated content is not definable by external sources."
845818899,java.lang.security.audit.unsafe-reflection.unsafe-reflection,Code,Medium,Open,Low,security,False,,,,,,Laurin-G/cosec-ai,https://github.com/Laurin-G/cosec-ai,https://github.com/Laurin-G/cosec-ai/blob/a0e8f5b3ac334dc8990c49d685a9e07b90c11e4f/L0_prompt/tapestry-5-5.4.3/plastic/src/external/java/org/apache/tapestry5/internal/plastic/asm/ClassWriter.java#L1681,https://semgrep.dev/orgs/lauringehlenborg_personal_org/findings/845818899,2026-06-15 18:05:55.424564,2026-06-15 18:05:55.259741,refs/heads/main,,,,"If an attacker can supply values that the application then uses to determine which class to instantiate or which method to invoke, the potential exists for the attacker to create control flow paths through the application that were not intended by the application developers. This attack vector may allow the attacker to bypass authentication or access control checks or otherwise cause the application to behave in an unexpected manner."
845818898,java.lang.security.audit.unsafe-reflection.unsafe-reflection,Code,Medium,Open,Low,security,False,,,,,,Laurin-G/cosec-ai,https://github.com/Laurin-G/cosec-ai,https://github.com/Laurin-G/cosec-ai/blob/a0e8f5b3ac334dc8990c49d685a9e07b90c11e4f/L0_prompt/tapestry-5-5.4.3/plastic/src/external/java/org/apache/tapestry5/internal/plastic/asm/ClassWriter.java#L1682,https://semgrep.dev/orgs/lauringehlenborg_personal_org/findings/845818898,2026-06-15 18:05:55.424536,2026-06-15 18:05:55.259736,refs/heads/main,,,,"If an attacker can supply values that the application then uses to determine which class to instantiate or which method to invoke, the potential exists for the attacker to create control flow paths through the application that were not intended by the application developers. This attack vector may allow the attacker to bypass authentication or access control checks or otherwise cause the application to behave in an unexpected manner."
845818897,java.lang.security.audit.unsafe-reflection.unsafe-reflection,Code,Medium,Open,Low,security,False,,,,,,Laurin-G/cosec-ai,https://github.com/Laurin-G/cosec-ai,https://github.com/Laurin-G/cosec-ai/blob/a0e8f5b3ac334dc8990c49d685a9e07b90c11e4f/L0_prompt/tapestry-5-5.4.3/plastic/src/external/java/org/apache/tapestry5/internal/plastic/asm/tree/analysis/SimpleVerifier.java#L312,https://semgrep.dev/orgs/lauringehlenborg_personal_org/findings/845818897,2026-06-15 18:05:55.424518,2026-06-15 18:05:55.259729,refs/heads/main,,,,"If an attacker can supply values that the application then uses to determine which class to instantiate or which method to invoke, the potential exists for the attacker to create control flow paths through the application that were not intended by the application developers. This attack vector may allow the attacker to bypass authentication or access control checks or otherwise cause the application to behave in an unexpected manner."
845818896,java.lang.security.audit.unsafe-reflection.unsafe-reflection,Code,Medium,Open,Low,security,False,,,,,,Laurin-G/cosec-ai,https://github.com/Laurin-G/cosec-ai,https://github.com/Laurin-G/cosec-ai/blob/a0e8f5b3ac334dc8990c49d685a9e07b90c11e4f/L0_prompt/tapestry-5-5.4.3/plastic/src/external/java/org/apache/tapestry5/internal/plastic/asm/tree/analysis/SimpleVerifier.java#L315,https://semgrep.dev/orgs/lauringehlenborg_personal_org/findings/845818896,2026-06-15 18:05:55.424501,2026-06-15 18:05:55.259723,refs/heads/main,,,,"If an attacker can supply values that the application then uses to determine which class to instantiate or which method to invoke, the potential exists for the attacker to create control flow paths through the application that were not intended by the application developers. This attack vector may allow the attacker to bypass authentication or access control checks or otherwise cause the application to behave in an unexpected manner."
845818895,java.lang.security.audit.unsafe-reflection.unsafe-reflection,Code,Medium,Open,Low,security,False,,,,,,Laurin-G/cosec-ai,https://github.com/Laurin-G/cosec-ai,https://github.com/Laurin-G/cosec-ai/blob/a0e8f5b3ac334dc8990c49d685a9e07b90c11e4f/L0_prompt/tapestry-5-5.4.3/plastic/src/main/java/org/apache/tapestry5/internal/plastic/PlasticInternalUtils.java#L304,https://semgrep.dev/orgs/lauringehlenborg_personal_org/findings/845818895,2026-06-15 18:05:55.424483,2026-06-15 18:05:55.259714,refs/heads/main,,,,"If an attacker can supply values that the application then uses to determine which class to instantiate or which method to invoke, the potential exists for the attacker to create control flow paths through the application that were not intended by the application developers. This attack vector may allow the attacker to bypass authentication or access control checks or otherwise cause the application to behave in an unexpected manner."
845818894,java.lang.security.audit.unsafe-reflection.unsafe-reflection,Code,Medium,Open,Low,security,False,,,,,,Laurin-G/cosec-ai,https://github.com/Laurin-G/cosec-ai,https://github.com/Laurin-G/cosec-ai/blob/a0e8f5b3ac334dc8990c49d685a9e07b90c11e4f/L0_prompt/tapestry-5-5.4.3/plastic/src/main/java/org/apache/tapestry5/internal/plastic/PlasticInternalUtils.java#L315,https://semgrep.dev/orgs/lauringehlenborg_personal_org/findings/845818894,2026-06-15 18:05:55.424466,2026-06-15 18:05:55.259706,refs/heads/main,,,,"If an attacker can supply values that the application then uses to determine which class to instantiate or which method to invoke, the potential exists for the attacker to create control flow paths through the application that were not intended by the application developers. This attack vector may allow the attacker to bypass authentication or access control checks or otherwise cause the application to behave in an unexpected manner."
845818893,java.lang.security.audit.unsafe-reflection.unsafe-reflection,Code,Medium,Open,Low,security,False,,,,,,Laurin-G/cosec-ai,https://github.com/Laurin-G/cosec-ai,https://github.com/Laurin-G/cosec-ai/blob/a0e8f5b3ac334dc8990c49d685a9e07b90c11e4f/L0_prompt/tapestry-5-5.4.3/tapestry-core/src/main/java/org/apache/tapestry5/corelib/pages/ComponentLibraries.java#L214,https://semgrep.dev/orgs/lauringehlenborg_personal_org/findings/845818893,2026-06-15 18:05:55.424449,2026-06-15 18:05:55.259700,refs/heads/main,,,,"If an attacker can supply values that the application then uses to determine which class to instantiate or which method to invoke, the potential exists for the attacker to create control flow paths through the application that were not intended by the application developers. This attack vector may allow the attacker to bypass authentication or access control checks or otherwise cause the application to behave in an unexpected manner."
845818892,java.lang.security.audit.unsafe-reflection.unsafe-reflection,Code,Medium,Open,Low,security,False,,,,,,Laurin-G/cosec-ai,https://github.com/Laurin-G/cosec-ai,https://github.com/Laurin-G/cosec-ai/blob/a0e8f5b3ac334dc8990c49d685a9e07b90c11e4f/L0_prompt/tapestry-5-5.4.3/tapestry-core/src/main/java/org/apache/tapestry5/corelib/pages/ComponentLibraries.java#L318,https://semgrep.dev/orgs/lauringehlenborg_personal_org/findings/845818892,2026-06-15 18:05:55.424432,2026-06-15 18:05:55.259695,refs/heads/main,,,,"If an attacker can supply values that the application then uses to determine which class to instantiate or which method to invoke, the potential exists for the attacker to create control flow paths through the application that were not intended by the application developers. This attack vector may allow the attacker to bypass authentication or access control checks or otherwise cause the application to behave in an unexpected manner."
845818891,java.lang.security.audit.unsafe-reflection.unsafe-reflection,Code,Medium,Open,Low,security,False,,,,,,Laurin-G/cosec-ai,https://github.com/Laurin-G/cosec-ai,https://github.com/Laurin-G/cosec-ai/blob/a0e8f5b3ac334dc8990c49d685a9e07b90c11e4f/L0_prompt/tapestry-5-5.4.3/tapestry-ioc/src/main/java/org/apache/tapestry5/ioc/RegistryBuilder.java#L159,https://semgrep.dev/orgs/lauringehlenborg_personal_org/findings/845818891,2026-06-15 18:05:55.424415,2026-06-15 18:05:55.259689,refs/heads/main,,,,"If an attacker can supply values that the application then uses to determine which class to instantiate or which method to invoke, the potential exists for the attacker to create control flow paths through the application that were not intended by the application developers. This attack vector may allow the attacker to bypass authentication or access control checks or otherwise cause the application to behave in an unexpected manner."
845818850,javascript.lang.security.audit.detect-non-literal-regexp.detect-non-literal-regexp,Code,Medium,Open,Low,security,False,,,,,,Laurin-G/cosec-ai,https://github.com/Laurin-G/cosec-ai,https://github.com/Laurin-G/cosec-ai/blob/a0e8f5b3ac334dc8990c49d685a9e07b90c11e4f/L0_prompt/tapestry-5-5.4.3/tapestry-core/src/main/resources/META-INF/assets/tapestry5/scriptaculous_1_9_0/prototype.js#L895,https://semgrep.dev/orgs/lauringehlenborg_personal_org/findings/845818850,2026-06-15 18:05:55.423661,2026-06-15 18:05:55.259437,refs/heads/main,,,,"RegExp() called with a `filter` function argument, this might allow an attacker to cause a Regular Expression Denial-of-Service (ReDoS) within your application as RegExP blocks the main thread. For this reason, it is recommended to use hardcoded regexes instead. If your regex is run on user-controlled input, consider performing input validation or use a regex checking/sanitization library such as https://www.npmjs.com/package/recheck to verify that the regex does not appear vulnerable to ReDoS."
845818849,javascript.lang.security.audit.detect-non-literal-regexp.detect-non-literal-regexp,Code,Medium,Open,Low,security,True,,,,,,Laurin-G/cosec-ai,https://github.com/Laurin-G/cosec-ai,https://github.com/Laurin-G/cosec-ai/blob/a0e8f5b3ac334dc8990c49d685a9e07b90c11e4f/L0_prompt/tapestry-5-5.4.3/tapestry-core/src/main/resources/META-INF/assets/tapestry5/scriptaculous_1_9_0/prototype.js#L895,https://semgrep.dev/orgs/lauringehlenborg_personal_org/findings/845818849,2026-06-15 18:05:55.423643,2026-06-15 18:05:55.259432,refs/heads/main,,,,"RegExp() called with a `str` function argument, this might allow an attacker to cause a Regular Expression Denial-of-Service (ReDoS) within your application as RegExP blocks the main thread. For this reason, it is recommended to use hardcoded regexes instead. If your regex is run on user-controlled input, consider performing input validation or use a regex checking/sanitization library such as https://www.npmjs.com/package/recheck to verify that the regex does not appear vulnerable to ReDoS."
845818848,javascript.lang.security.audit.detect-non-literal-regexp.detect-non-literal-regexp,Code,Medium,Open,Low,security,False,,,,,,Laurin-G/cosec-ai,https://github.com/Laurin-G/cosec-ai,https://github.com/Laurin-G/cosec-ai/blob/a0e8f5b3ac334dc8990c49d685a9e07b90c11e4f/L0_prompt/tapestry-5-5.4.3/tapestry-core/src/main/resources/META-INF/assets/tapestry5/scriptaculous_1_9_0/unittest.js#L341,https://semgrep.dev/orgs/lauringehlenborg_personal_org/findings/845818848,2026-06-15 18:05:55.423626,2026-06-15 18:05:55.259426,refs/heads/main,,,,"RegExp() called with a `expected` function argument, this might allow an attacker to cause a Regular Expression Denial-of-Service (ReDoS) within your application as RegExP blocks the main thread. For this reason, it is recommended to use hardcoded regexes instead. If your regex is run on user-controlled input, consider performing input validation or use a regex checking/sanitization library such as https://www.npmjs.com/package/recheck to verify that the regex does not appear vulnerable to ReDoS."
845818847,javascript.lang.security.audit.detect-non-literal-regexp.detect-non-literal-regexp,Code,Medium,Open,Low,security,False,,,,,,Laurin-G/cosec-ai,https://github.com/Laurin-G/cosec-ai,https://github.com/Laurin-G/cosec-ai/blob/a0e8f5b3ac334dc8990c49d685a9e07b90c11e4f/L0_prompt/tapestry-5-5.4.3/tapestry-core/src/main/resources/META-INF/assets/tapestry5/typeahead.js#L241,https://semgrep.dev/orgs/lauringehlenborg_personal_org/findings/845818847,2026-06-15 18:05:55.423598,2026-06-15 18:05:55.259420,refs/heads/main,,,,"RegExp() called with a `namespace` function argument, this might allow an attacker to cause a Regular Expression Denial-of-Service (ReDoS) within your application as RegExP blocks the main thread. For this reason, it is recommended to use hardcoded regexes instead. If your regex is run on user-controlled input, consider performing input validation or use a regex checking/sanitization library such as https://www.npmjs.com/package/recheck to verify that the regex does not appear vulnerable to ReDoS."
845818846,javascript.lang.security.audit.detect-non-literal-regexp.detect-non-literal-regexp,Code,Medium,Open,Low,security,False,,,,,,Laurin-G/cosec-ai,https://github.com/Laurin-G/cosec-ai,https://github.com/Laurin-G/cosec-ai/blob/a0e8f5b3ac334dc8990c49d685a9e07b90c11e4f/L0_prompt/tapestry-5-5.4.3/tapestry-core/src/main/resources/META-INF/assets/tapestry5/typeahead.js#L954,https://semgrep.dev/orgs/lauringehlenborg_personal_org/findings/845818846,2026-06-15 18:05:55.423581,2026-06-15 18:05:55.259414,refs/heads/main,,,,"RegExp() called with a `patterns` function argument, this might allow an attacker to cause a Regular Expression Denial-of-Service (ReDoS) within your application as RegExP blocks the main thread. For this reason, it is recommended to use hardcoded regexes instead. If your regex is run on user-controlled input, consider performing input validation or use a regex checking/sanitization library such as https://www.npmjs.com/package/recheck to verify that the regex does not appear vulnerable to ReDoS."
845818845,javascript.lang.security.audit.detect-non-literal-regexp.detect-non-literal-regexp,Code,Medium,Open,Low,security,False,,,,,,Laurin-G/cosec-ai,https://github.com/Laurin-G/cosec-ai,https://github.com/Laurin-G/cosec-ai/blob/a0e8f5b3ac334dc8990c49d685a9e07b90c11e4f/L0_prompt/tapestry-5-5.4.3/tapestry-core/src/main/resources/META-INF/assets/tapestry5/typeahead.js#L954,https://semgrep.dev/orgs/lauringehlenborg_personal_org/findings/845818845,2026-06-15 18:05:55.423563,2026-06-15 18:05:55.259409,refs/heads/main,,,,"RegExp() called with a `patterns` function argument, this might allow an attacker to cause a Regular Expression Denial-of-Service (ReDoS) within your application as RegExP blocks the main thread. For this reason, it is recommended to use hardcoded regexes instead. If your regex is run on user-controlled input, consider performing input validation or use a regex checking/sanitization library such as https://www.npmjs.com/package/recheck to verify that the regex does not appear vulnerable to ReDoS."
845818841,javascript.lang.security.audit.prototype-pollution.prototype-pollution-loop.prototype-pollution-loop,Code,Medium,Open,Low,security,False,,,,,,Laurin-G/cosec-ai,https://github.com/Laurin-G/cosec-ai,https://github.com/Laurin-G/cosec-ai/blob/a0e8f5b3ac334dc8990c49d685a9e07b90c11e4f/L0_prompt/tapestry-5-5.4.3/tapestry-core/src/main/resources/META-INF/assets/tapestry5/jquery.js#L1739,https://semgrep.dev/orgs/lauringehlenborg_personal_org/findings/845818841,2026-06-15 18:05:55.423492,2026-06-15 18:05:55.259384,refs/heads/main,,,,"Possibility of prototype polluting function detected. By adding or modifying attributes of an object prototype, it is possible to create attributes that exist on every object, or replace critical attributes with malicious ones. This can be problematic if the software depends on existence or non-existence of certain attributes, or uses pre-defined attributes of object prototype (such as hasOwnProperty, toString or valueOf). Possible mitigations might be: freezing the object prototype, using an object without prototypes (via Object.create(null) ), blocking modifications of attributes that resolve to object prototype, using Map instead of object."
845818840,javascript.lang.security.audit.prototype-pollution.prototype-pollution-loop.prototype-pollution-loop,Code,Medium,Open,Low,security,False,,,,,,Laurin-G/cosec-ai,https://github.com/Laurin-G/cosec-ai,https://github.com/Laurin-G/cosec-ai/blob/a0e8f5b3ac334dc8990c49d685a9e07b90c11e4f/L0_prompt/tapestry-5-5.4.3/tapestry-core/src/main/resources/META-INF/assets/tapestry5/jquery.js#L2182,https://semgrep.dev/orgs/lauringehlenborg_personal_org/findings/845818840,2026-06-15 18:05:55.423474,2026-06-15 18:05:55.259378,refs/heads/main,,,,"Possibility of prototype polluting function detected. By adding or modifying attributes of an object prototype, it is possible to create attributes that exist on every object, or replace critical attributes with malicious ones. This can be problematic if the software depends on existence or non-existence of certain attributes, or uses pre-defined attributes of object prototype (such as hasOwnProperty, toString or valueOf). Possible mitigations might be: freezing the object prototype, using an object without prototypes (via Object.create(null) ), blocking modifications of attributes that resolve to object prototype, using Map instead of object."
845818839,javascript.lang.security.audit.prototype-pollution.prototype-pollution-loop.prototype-pollution-loop,Code,Medium,Open,Low,security,False,,,,,,Laurin-G/cosec-ai,https://github.com/Laurin-G/cosec-ai,https://github.com/Laurin-G/cosec-ai/blob/a0e8f5b3ac334dc8990c49d685a9e07b90c11e4f/L0_prompt/tapestry-5-5.4.3/tapestry-core/src/main/resources/META-INF/assets/tapestry5/jquery.js#L2196,https://semgrep.dev/orgs/lauringehlenborg_personal_org/findings/845818839,2026-06-15 18:05:55.423457,2026-06-15 18:05:55.259372,refs/heads/main,,,,"Possibility of prototype polluting function detected. By adding or modifying attributes of an object prototype, it is possible to create attributes that exist on every object, or replace critical attributes with malicious ones. This can be problematic if the software depends on existence or non-existence of certain attributes, or uses pre-defined attributes of object prototype (such as hasOwnProperty, toString or valueOf). Possible mitigations might be: freezing the object prototype, using an object without prototypes (via Object.create(null) ), blocking modifications of attributes that resolve to object prototype, using Map instead of object."
845818838,javascript.lang.security.audit.prototype-pollution.prototype-pollution-loop.prototype-pollution-loop,Code,Medium,Open,Low,security,False,,,,,,Laurin-G/cosec-ai,https://github.com/Laurin-G/cosec-ai,https://github.com/Laurin-G/cosec-ai/blob/a0e8f5b3ac334dc8990c49d685a9e07b90c11e4f/L0_prompt/tapestry-5-5.4.3/tapestry-core/src/main/resources/META-INF/assets/tapestry5/jquery.js#L2204,https://semgrep.dev/orgs/lauringehlenborg_personal_org/findings/845818838,2026-06-15 18:05:55.423440,2026-06-15 18:05:55.259366,refs/heads/main,,,,"Possibility of prototype polluting function detected. By adding or modifying attributes of an object prototype, it is possible to create attributes that exist on every object, or replace critical attributes with malicious ones. This can be problematic if the software depends on existence or non-existence of certain attributes, or uses pre-defined attributes of object prototype (such as hasOwnProperty, toString or valueOf). Possible mitigations might be: freezing the object prototype, using an object without prototypes (via Object.create(null) ), blocking modifications of attributes that resolve to object prototype, using Map instead of object."
845818837,javascript.lang.security.audit.prototype-pollution.prototype-pollution-loop.prototype-pollution-loop,Code,Medium,Open,Low,security,False,,,,,,Laurin-G/cosec-ai,https://github.com/Laurin-G/cosec-ai,https://github.com/Laurin-G/cosec-ai/blob/a0e8f5b3ac334dc8990c49d685a9e07b90c11e4f/L0_prompt/tapestry-5-5.4.3/tapestry-core/src/main/resources/META-INF/assets/tapestry5/jquery.js#L2731,https://semgrep.dev/orgs/lauringehlenborg_personal_org/findings/845818837,2026-06-15 18:05:55.423423,2026-06-15 18:05:55.259359,refs/heads/main,,,,"Possibility of prototype polluting function detected. By adding or modifying attributes of an object prototype, it is possible to create attributes that exist on every object, or replace critical attributes with malicious ones. This can be problematic if the software depends on existence or non-existence of certain attributes, or uses pre-defined attributes of object prototype (such as hasOwnProperty, toString or valueOf). Possible mitigations might be: freezing the object prototype, using an object without prototypes (via Object.create(null) ), blocking modifications of attributes that resolve to object prototype, using Map instead of object."
845818836,javascript.lang.security.audit.prototype-pollution.prototype-pollution-loop.prototype-pollution-loop,Code,Medium,Open,Low,security,False,,,,,,Laurin-G/cosec-ai,https://github.com/Laurin-G/cosec-ai,https://github.com/Laurin-G/cosec-ai/blob/a0e8f5b3ac334dc8990c49d685a9e07b90c11e4f/L0_prompt/tapestry-5-5.4.3/tapestry-core/src/main/resources/META-INF/assets/tapestry5/scriptaculous_1_9_0/prototype.js#L806,https://semgrep.dev/orgs/lauringehlenborg_personal_org/findings/845818836,2026-06-15 18:05:55.423405,2026-06-15 18:05:55.259353,refs/heads/main,,,,"Possibility of prototype polluting function detected. By adding or modifying attributes of an object prototype, it is possible to create attributes that exist on every object, or replace critical attributes with malicious ones. This can be problematic if the software depends on existence or non-existence of certain attributes, or uses pre-defined attributes of object prototype (such as hasOwnProperty, toString or valueOf). Possible mitigations might be: freezing the object prototype, using an object without prototypes (via Object.create(null) ), blocking modifications of attributes that resolve to object prototype, using Map instead of object."
845818835,javascript.lang.security.audit.prototype-pollution.prototype-pollution-loop.prototype-pollution-loop,Code,Medium,Open,Low,security,False,,,,,,Laurin-G/cosec-ai,https://github.com/Laurin-G/cosec-ai,https://github.com/Laurin-G/cosec-ai/blob/a0e8f5b3ac334dc8990c49d685a9e07b90c11e4f/L0_prompt/tapestry-5-5.4.3/tapestry-core/src/main/resources/META-INF/assets/tapestry5/scriptaculous_1_9_0/prototype.js#L2137,https://semgrep.dev/orgs/lauringehlenborg_personal_org/findings/845818835,2026-06-15 18:05:55.423388,2026-06-15 18:05:55.259348,refs/heads/main,,,,"Possibility of prototype polluting function detected. By adding or modifying attributes of an object prototype, it is possible to create attributes that exist on every object, or replace critical attributes with malicious ones. This can be problematic if the software depends on existence or non-existence of certain attributes, or uses pre-defined attributes of object prototype (such as hasOwnProperty, toString or valueOf). Possible mitigations might be: freezing the object prototype, using an object without prototypes (via Object.create(null) ), blocking modifications of attributes that resolve to object prototype, using Map instead of object."
845818834,javascript.lang.security.audit.prototype-pollution.prototype-pollution-loop.prototype-pollution-loop,Code,Medium,Open,Low,security,False,,,,,,Laurin-G/cosec-ai,https://github.com/Laurin-G/cosec-ai,https://github.com/Laurin-G/cosec-ai/blob/a0e8f5b3ac334dc8990c49d685a9e07b90c11e4f/L0_prompt/tapestry-5-5.4.3/tapestry-core/src/main/resources/META-INF/assets/tapestry5/scriptaculous_1_9_0/prototype.js#L4840,https://semgrep.dev/orgs/lauringehlenborg_personal_org/findings/845818834,2026-06-15 18:05:55.423370,2026-06-15 18:05:55.259343,refs/heads/main,,,,"Possibility of prototype polluting function detected. By adding or modifying attributes of an object prototype, it is possible to create attributes that exist on every object, or replace critical attributes with malicious ones. This can be problematic if the software depends on existence or non-existence of certain attributes, or uses pre-defined attributes of object prototype (such as hasOwnProperty, toString or valueOf). Possible mitigations might be: freezing the object prototype, using an object without prototypes (via Object.create(null) ), blocking modifications of attributes that resolve to object prototype, using Map instead of object."
845818833,javascript.lang.security.audit.prototype-pollution.prototype-pollution-loop.prototype-pollution-loop,Code,Medium,Open,Low,security,False,,,,,,Laurin-G/cosec-ai,https://github.com/Laurin-G/cosec-ai,https://github.com/Laurin-G/cosec-ai/blob/a0e8f5b3ac334dc8990c49d685a9e07b90c11e4f/L0_prompt/tapestry-5-5.4.3/tapestry-core/src/main/resources/META-INF/assets/tapestry5/scriptaculous_1_9_0/prototype.js#L4859,https://semgrep.dev/orgs/lauringehlenborg_personal_org/findings/845818833,2026-06-15 18:05:55.423353,2026-06-15 18:05:55.259338,refs/heads/main,,,,"Possibility of prototype polluting function detected. By adding or modifying attributes of an object prototype, it is possible to create attributes that exist on every object, or replace critical attributes with malicious ones. This can be problematic if the software depends on existence or non-existence of certain attributes, or uses pre-defined attributes of object prototype (such as hasOwnProperty, toString or valueOf). Possible mitigations might be: freezing the object prototype, using an object without prototypes (via Object.create(null) ), blocking modifications of attributes that resolve to object prototype, using Map instead of object."
845818832,javascript.lang.security.audit.prototype-pollution.prototype-pollution-loop.prototype-pollution-loop,Code,Medium,Open,Low,security,False,,,,,,Laurin-G/cosec-ai,https://github.com/Laurin-G/cosec-ai,https://github.com/Laurin-G/cosec-ai/blob/a0e8f5b3ac334dc8990c49d685a9e07b90c11e4f/L0_prompt/tapestry-5-5.4.3/tapestry-core/src/main/resources/META-INF/assets/tapestry5/scriptaculous_1_9_0/prototype.js#L4876,https://semgrep.dev/orgs/lauringehlenborg_personal_org/findings/845818832,2026-06-15 18:05:55.423335,2026-06-15 18:05:55.259333,refs/heads/main,,,,"Possibility of prototype polluting function detected. By adding or modifying attributes of an object prototype, it is possible to create attributes that exist on every object, or replace critical attributes with malicious ones. This can be problematic if the software depends on existence or non-existence of certain attributes, or uses pre-defined attributes of object prototype (such as hasOwnProperty, toString or valueOf). Possible mitigations might be: freezing the object prototype, using an object without prototypes (via Object.create(null) ), blocking modifications of attributes that resolve to object prototype, using Map instead of object."
845818831,javascript.lang.security.audit.prototype-pollution.prototype-pollution-loop.prototype-pollution-loop,Code,Medium,Open,Low,security,False,,,,,,Laurin-G/cosec-ai,https://github.com/Laurin-G/cosec-ai,https://github.com/Laurin-G/cosec-ai/blob/a0e8f5b3ac334dc8990c49d685a9e07b90c11e4f/L0_prompt/tapestry-5-5.4.3/tapestry-core/src/main/resources/META-INF/assets/tapestry5/scriptaculous_1_9_0/prototype.js#L4902,https://semgrep.dev/orgs/lauringehlenborg_personal_org/findings/845818831,2026-06-15 18:05:55.423318,2026-06-15 18:05:55.259327,refs/heads/main,,,,"Possibility of prototype polluting function detected. By adding or modifying attributes of an object prototype, it is possible to create attributes that exist on every object, or replace critical attributes with malicious ones. This can be problematic if the software depends on existence or non-existence of certain attributes, or uses pre-defined attributes of object prototype (such as hasOwnProperty, toString or valueOf). Possible mitigations might be: freezing the object prototype, using an object without prototypes (via Object.create(null) ), blocking modifications of attributes that resolve to object prototype, using Map instead of object."
845818811,java.lang.security.audit.active-debug-code-printstacktrace.active-debug-code-printstacktrace,Code,Medium,Open,Medium,security,False,,,,,,Laurin-G/cosec-ai,https://github.com/Laurin-G/cosec-ai,https://github.com/Laurin-G/cosec-ai/blob/a0e8f5b3ac334dc8990c49d685a9e07b90c11e4f/L0_prompt/tapestry-5-5.4.3/plastic/src/external/java/org/apache/tapestry5/internal/plastic/asm/util/CheckClassAdapter.java#L224,https://semgrep.dev/orgs/lauringehlenborg_personal_org/findings/845818811,2026-06-15 18:05:55.422966,2026-06-15 18:05:55.259220,refs/heads/main,,,,Possible active debug code detected. Deploying an application with debug code can create unintended entry points or expose sensitive information.
845818810,java.lang.security.audit.active-debug-code-printstacktrace.active-debug-code-printstacktrace,Code,Medium,Open,Medium,security,False,,,,,,Laurin-G/cosec-ai,https://github.com/Laurin-G/cosec-ai,https://github.com/Laurin-G/cosec-ai/blob/a0e8f5b3ac334dc8990c49d685a9e07b90c11e4f/L0_prompt/tapestry-5-5.4.3/plastic/src/external/java/org/apache/tapestry5/internal/plastic/asm/util/CheckMethodAdapter.java#L457,https://semgrep.dev/orgs/lauringehlenborg_personal_org/findings/845818810,2026-06-15 18:05:55.422949,2026-06-15 18:05:55.259215,refs/heads/main,,,,Possible active debug code detected. Deploying an application with debug code can create unintended entry points or expose sensitive information.
845818809,java.lang.security.audit.active-debug-code-printstacktrace.active-debug-code-printstacktrace,Code,Medium,Open,Medium,security,False,,,,,,Laurin-G/cosec-ai,https://github.com/Laurin-G/cosec-ai,https://github.com/Laurin-G/cosec-ai/blob/a0e8f5b3ac334dc8990c49d685a9e07b90c11e4f/L0_prompt/tapestry-5-5.4.3/plastic/src/external/java/org/apache/tapestry5/internal/plastic/asm/xml/Processor.java#L349,https://semgrep.dev/orgs/lauringehlenborg_personal_org/findings/845818809,2026-06-15 18:05:55.422931,2026-06-15 18:05:55.259209,refs/heads/main,,,,Possible active debug code detected. Deploying an application with debug code can create unintended entry points or expose sensitive information.
845818808,java.lang.security.audit.active-debug-code-printstacktrace.active-debug-code-printstacktrace,Code,Medium,Open,Medium,security,False,,,,,,Laurin-G/cosec-ai,https://github.com/Laurin-G/cosec-ai,https://github.com/Laurin-G/cosec-ai/blob/a0e8f5b3ac334dc8990c49d685a9e07b90c11e4f/L0_prompt/tapestry-5-5.4.3/tapestry-ioc/src/main/java/org/apache/tapestry5/ioc/internal/ModuleImpl.java#L338,https://semgrep.dev/orgs/lauringehlenborg_personal_org/findings/845818808,2026-06-15 18:05:55.422914,2026-06-15 18:05:55.259204,refs/heads/main,,,,Possible active debug code detected. Deploying an application with debug code can create unintended entry points or expose sensitive information.
845818807,java.servlets.security.audit.cookie-missing-httponly.cookie-missing-httponly,Code,Medium,Open,High,security,False,,,,,,Laurin-G/cosec-ai,https://github.com/Laurin-G/cosec-ai,https://github.com/Laurin-G/cosec-ai/blob/a0e8f5b3ac334dc8990c49d685a9e07b90c11e4f/L0_prompt/tapestry-5-5.4.3/tapestry-core/src/main/java/org/apache/tapestry5/internal/services/CookiesImpl.java#L136,https://semgrep.dev/orgs/lauringehlenborg_personal_org/findings/845818807,2026-06-15 18:05:55.422896,2026-06-15 18:05:55.259198,refs/heads/main,,,,A cookie was detected without setting the 'HttpOnly' flag. The 'HttpOnly' flag for cookies instructs the browser to forbid client-side scripts from reading the cookie. Set the 'HttpOnly' flag by calling 'cookie.setHttpOnly(true);'
845818806,java.servlets.security.audit.cookie-missing-httponly.cookie-missing-httponly,Code,Medium,Open,High,security,False,,,,,,Laurin-G/cosec-ai,https://github.com/Laurin-G/cosec-ai,https://github.com/Laurin-G/cosec-ai/blob/a0e8f5b3ac334dc8990c49d685a9e07b90c11e4f/L0_prompt/tapestry-5-5.4.3/tapestry-core/src/main/java/org/apache/tapestry5/modules/InternalModule.java#L95,https://semgrep.dev/orgs/lauringehlenborg_personal_org/findings/845818806,2026-06-15 18:05:55.422879,2026-06-15 18:05:55.259192,refs/heads/main,,,,A cookie was detected without setting the 'HttpOnly' flag. The 'HttpOnly' flag for cookies instructs the browser to forbid client-side scripts from reading the cookie. Set the 'HttpOnly' flag by calling 'cookie.setHttpOnly(true);'
845818805,java.servlets.security.audit.cookie-missing-samesite.cookie-missing-samesite,Code,Medium,Open,High,security,False,,,,,,Laurin-G/cosec-ai,https://github.com/Laurin-G/cosec-ai,https://github.com/Laurin-G/cosec-ai/blob/a0e8f5b3ac334dc8990c49d685a9e07b90c11e4f/L0_prompt/tapestry-5-5.4.3/tapestry-core/src/main/java/org/apache/tapestry5/internal/services/CookiesImpl.java#L136,https://semgrep.dev/orgs/lauringehlenborg_personal_org/findings/845818805,2026-06-15 18:05:55.422862,2026-06-15 18:05:55.259185,refs/heads/main,,,,"The application does not appear to verify inbound requests which can lead to a Cross-site request forgery (CSRF) vulnerability. If the application uses cookie-based authentication, an attacker can trick users into sending authenticated HTTP requests without their knowledge from any arbitrary domain they visit. To prevent this vulnerability start by identifying if the framework or library leveraged has built-in features or offers plugins for CSRF protection. CSRF tokens should be unique and securely random. The `Synchronizer Token` or `Double Submit Cookie` patterns with defense-in- depth mechanisms such as the `sameSite` cookie flag can help prevent CSRF. For more information, see: [Cross-site request forgery prevention](https://cheatsheetseries.owasp.org/cheatsheets/Cross- Site_Request_Forgery_Prevention_Cheat_Sheet.html)"
845818804,java.servlets.security.audit.cookie-missing-samesite.cookie-missing-samesite,Code,Medium,Open,High,security,False,,,,,,Laurin-G/cosec-ai,https://github.com/Laurin-G/cosec-ai,https://github.com/Laurin-G/cosec-ai/blob/a0e8f5b3ac334dc8990c49d685a9e07b90c11e4f/L0_prompt/tapestry-5-5.4.3/tapestry-core/src/main/java/org/apache/tapestry5/modules/InternalModule.java#L95,https://semgrep.dev/orgs/lauringehlenborg_personal_org/findings/845818804,2026-06-15 18:05:55.422845,2026-06-15 18:05:55.259180,refs/heads/main,,,,"The application does not appear to verify inbound requests which can lead to a Cross-site request forgery (CSRF) vulnerability. If the application uses cookie-based authentication, an attacker can trick users into sending authenticated HTTP requests without their knowledge from any arbitrary domain they visit. To prevent this vulnerability start by identifying if the framework or library leveraged has built-in features or offers plugins for CSRF protection. CSRF tokens should be unique and securely random. The `Synchronizer Token` or `Double Submit Cookie` patterns with defense-in- depth mechanisms such as the `sameSite` cookie flag can help prevent CSRF. For more information, see: [Cross-site request forgery prevention](https://cheatsheetseries.owasp.org/cheatsheets/Cross- Site_Request_Forgery_Prevention_Cheat_Sheet.html)"
845818803,java.servlets.security.audit.cookie-missing-secure-flag.cookie-missing-secure-flag,Code,Medium,Open,High,security,False,,,,,,Laurin-G/cosec-ai,https://github.com/Laurin-G/cosec-ai,https://github.com/Laurin-G/cosec-ai/blob/a0e8f5b3ac334dc8990c49d685a9e07b90c11e4f/L0_prompt/tapestry-5-5.4.3/tapestry-core/src/main/java/org/apache/tapestry5/modules/InternalModule.java#L95,https://semgrep.dev/orgs/lauringehlenborg_personal_org/findings/845818803,2026-06-15 18:05:55.422827,2026-06-15 18:05:55.259174,refs/heads/main,,,,A cookie was detected without setting the 'secure' flag. The 'secure' flag for cookies prevents the client from transmitting the cookie over insecure channels such as HTTP. Set the 'secure' flag by calling 'cookie.setSecure(true);'
845818793,html.security.plaintext-http-link.plaintext-http-link,Code,Medium,Open,High,security,False,,,,,,Laurin-G/cosec-ai,https://github.com/Laurin-G/cosec-ai,https://github.com/Laurin-G/cosec-ai/blob/a0e8f5b3ac334dc8990c49d685a9e07b90c11e4f/L0_prompt/tapestry-5-5.4.3/plastic/src/external/java/org/apache/tapestry5/internal/plastic/asm/package.html#L35,https://semgrep.dev/orgs/lauringehlenborg_personal_org/findings/845818793,2026-06-15 18:05:55.422653,2026-06-15 18:05:55.259120,refs/heads/main,,,,This link points to a plaintext HTTP URL. Prefer an encrypted HTTPS URL if possible.
845818792,html.security.plaintext-http-link.plaintext-http-link,Code,Medium,Open,High,security,False,,,,,,Laurin-G/cosec-ai,https://github.com/Laurin-G/cosec-ai,https://github.com/Laurin-G/cosec-ai/blob/a0e8f5b3ac334dc8990c49d685a9e07b90c11e4f/L0_prompt/tapestry-5-5.4.3/plastic/src/external/java/org/apache/tapestry5/internal/plastic/asm/package.html#L77,https://semgrep.dev/orgs/lauringehlenborg_personal_org/findings/845818792,2026-06-15 18:05:55.422636,2026-06-15 18:05:55.259114,refs/heads/main,,,,This link points to a plaintext HTTP URL. Prefer an encrypted HTTPS URL if possible.
845818791,html.security.plaintext-http-link.plaintext-http-link,Code,Medium,Open,High,security,False,,,,,,Laurin-G/cosec-ai,https://github.com/Laurin-G/cosec-ai,https://github.com/Laurin-G/cosec-ai/blob/a0e8f5b3ac334dc8990c49d685a9e07b90c11e4f/L0_prompt/tapestry-5-5.4.3/plastic/src/external/java/org/apache/tapestry5/internal/plastic/asm/package.html#L79,https://semgrep.dev/orgs/lauringehlenborg_personal_org/findings/845818791,2026-06-15 18:05:55.422618,2026-06-15 18:05:55.259108,refs/heads/main,,,,This link points to a plaintext HTTP URL. Prefer an encrypted HTTPS URL if possible.
845818790,html.security.plaintext-http-link.plaintext-http-link,Code,Medium,Open,High,security,False,,,,,,Laurin-G/cosec-ai,https://github.com/Laurin-G/cosec-ai,https://github.com/Laurin-G/cosec-ai/blob/a0e8f5b3ac334dc8990c49d685a9e07b90c11e4f/L0_prompt/tapestry-5-5.4.3/plastic/src/external/java/org/apache/tapestry5/internal/plastic/asm/xml/package.html#L32,https://semgrep.dev/orgs/lauringehlenborg_personal_org/findings/845818790,2026-06-15 18:05:55.422601,2026-06-15 18:05:55.259102,refs/heads/main,,,,This link points to a plaintext HTTP URL. Prefer an encrypted HTTPS URL if possible.
845818789,html.security.plaintext-http-link.plaintext-http-link,Code,Medium,Open,High,security,False,,,,,,Laurin-G/cosec-ai,https://github.com/Laurin-G/cosec-ai,https://github.com/Laurin-G/cosec-ai/blob/a0e8f5b3ac334dc8990c49d685a9e07b90c11e4f/L0_prompt/tapestry-5-5.4.3/src/docroot-template/index.html#L20,https://semgrep.dev/orgs/lauringehlenborg_personal_org/findings/845818789,2026-06-15 18:05:55.422583,2026-06-15 18:05:55.259096,refs/heads/main,,,,This link points to a plaintext HTTP URL. Prefer an encrypted HTTPS URL if possible.
845818788,html.security.plaintext-http-link.plaintext-http-link,Code,Medium,Open,High,security,False,,,,,,Laurin-G/cosec-ai,https://github.com/Laurin-G/cosec-ai,https://github.com/Laurin-G/cosec-ai/blob/a0e8f5b3ac334dc8990c49d685a9e07b90c11e4f/L0_prompt/tapestry-5-5.4.3/src/docroot-template/index.html#L71,https://semgrep.dev/orgs/lauringehlenborg_personal_org/findings/845818788,2026-06-15 18:05:55.422566,2026-06-15 18:05:55.259091,refs/heads/main,,,,This link points to a plaintext HTTP URL. Prefer an encrypted HTTPS URL if possible.
845818787,html.security.plaintext-http-link.plaintext-http-link,Code,Medium,Open,High,security,False,,,,,,Laurin-G/cosec-ai,https://github.com/Laurin-G/cosec-ai,https://github.com/Laurin-G/cosec-ai/blob/a0e8f5b3ac334dc8990c49d685a9e07b90c11e4f/L0_prompt/tapestry-5-5.4.3/src/docroot-template/index.html#L74,https://semgrep.dev/orgs/lauringehlenborg_personal_org/findings/845818787,2026-06-15 18:05:55.422548,2026-06-15 18:05:55.259084,refs/heads/main,,,,This link points to a plaintext HTTP URL. Prefer an encrypted HTTPS URL if possible.
845818786,html.security.plaintext-http-link.plaintext-http-link,Code,Medium,Open,High,security,False,,,,,,Laurin-G/cosec-ai,https://github.com/Laurin-G/cosec-ai,https://github.com/Laurin-G/cosec-ai/blob/a0e8f5b3ac334dc8990c49d685a9e07b90c11e4f/L0_prompt/tapestry-5-5.4.3/src/docroot-template/index.html#L104,https://semgrep.dev/orgs/lauringehlenborg_personal_org/findings/845818786,2026-06-15 18:05:55.422531,2026-06-15 18:05:55.259078,refs/heads/main,,,,This link points to a plaintext HTTP URL. Prefer an encrypted HTTPS URL if possible.
845818735,java.lang.security.audit.xml-custom-entityresolver.xml-custom-entityresolver,Code,Low,Open,Medium,security,False,,,,,,Laurin-G/cosec-ai,https://github.com/Laurin-G/cosec-ai,https://github.com/Laurin-G/cosec-ai/blob/a0e8f5b3ac334dc8990c49d685a9e07b90c11e4f/L0_prompt/tapestry-5-5.4.3/tapestry-core/src/main/java/org/apache/tapestry5/internal/services/XMLTokenStream.java#L322,https://semgrep.dev/orgs/lauringehlenborg_personal_org/findings/845818735,2026-06-15 18:05:55.421615,2026-06-15 18:05:55.258781,refs/heads/main,,,,"The application is using an XML parser that has not been safely configured. This might lead to XML External Entity (XXE) vulnerabilities when parsing user-controlled input. An attacker can include document type definitions (DTDs) which can interact with internal or external hosts. XXE can lead to other vulnerabilities, such as Local File Inclusion (LFI), Remote Code Execution (RCE), and Server- side request forgery (SSRF), depending on the application configuration. An attacker can also use DTDs to expand recursively, leading to a Denial-of-Service (DoS) attack, also known as a Billion Laughs Attack. By setting a custom `EntityResolver` for all previous security configurations for are bypassed. It is your responsibility to handle security in the `EntityResolver` implementation instead. For more information, see: [Java XXE prevention](https://semgrep.dev/docs/cheat-sheets/ java-xxe/)"
